{
  "hash": "ff989a17",
  "configHash": "d3694987",
  "lockfileHash": "49a6b63f",
  "browserHash": "8c74e29a",
  "optimized": {
    "@angular/core": {
      "src": "../../../../../../node_modules/@angular/core/fesm2022/core.mjs",
      "file": "@angular_core.js",
      "fileHash": "c44987b0",
      "needsInterop": false
    },
    "@angular/platform-browser": {
      "src": "../../../../../../node_modules/@angular/platform-browser/fesm2022/platform-browser.mjs",
      "file": "@angular_platform-browser.js",
      "fileHash": "7accbeee",
      "needsInterop": false
    },
    "@angular/router": {
      "src": "../../../../../../node_modules/@angular/router/fesm2022/router.mjs",
      "file": "@angular_router.js",
      "fileHash": "47dfc4bb",
      "needsInterop": false
    },
    "@angular/common/http": {
      "src": "../../../../../../node_modules/@angular/common/fesm2022/http.mjs",
      "file": "@angular_common_http.js",
      "fileHash": "41327265",
      "needsInterop": false
    },
    "@angular/common": {
      "src": "../../../../../../node_modules/@angular/common/fesm2022/common.mjs",
      "file": "@angular_common.js",
      "fileHash": "aa22f3cc",
      "needsInterop": false
    }
  },
  "chunks": {
    "chunk-5ELNWXJV": {
      "file": "chunk-5ELNWXJV.js"
    },
    "chunk-IQRGITXN": {
      "file": "chunk-IQRGITXN.js"
    },
    "chunk-QDVZUSXR": {
      "file": "chunk-QDVZUSXR.js"
    },
    "chunk-DBQVMHQU": {
      "file": "chunk-DBQVMHQU.js"
    },
    "chunk-QE7GUPV5": {
      "file": "chunk-QE7GUPV5.js"
    }
  }
}