{
  "hash": "f53aaa89",
  "configHash": "99e9a130",
  "lockfileHash": "35e9896a",
  "browserHash": "57723ffd",
  "optimized": {
    "@angular/common": {
      "src": "../../../../../../node_modules/@angular/common/fesm2022/common.mjs",
      "file": "@angular_common.js",
      "fileHash": "774f8cac",
      "needsInterop": false
    },
    "@angular/common/http": {
      "src": "../../../../../../node_modules/@angular/common/fesm2022/http.mjs",
      "file": "@angular_common_http.js",
      "fileHash": "85dc54d3",
      "needsInterop": false
    },
    "@angular/core": {
      "src": "../../../../../../node_modules/@angular/core/fesm2022/core.mjs",
      "file": "@angular_core.js",
      "fileHash": "a73cf9f8",
      "needsInterop": false
    },
    "@angular/forms": {
      "src": "../../../../../../node_modules/@angular/forms/fesm2022/forms.mjs",
      "file": "@angular_forms.js",
      "fileHash": "1686dd23",
      "needsInterop": false
    },
    "@angular/platform-browser": {
      "src": "../../../../../../node_modules/@angular/platform-browser/fesm2022/platform-browser.mjs",
      "file": "@angular_platform-browser.js",
      "fileHash": "9966fdfc",
      "needsInterop": false
    },
    "zone.js": {
      "src": "../../../../../../node_modules/zone.js/fesm2015/zone.js",
      "file": "zone__js.js",
      "fileHash": "faf96a9c",
      "needsInterop": true
    }
  },
  "chunks": {
    "chunk-NGBKF5QV": {
      "file": "chunk-NGBKF5QV.js"
    },
    "chunk-GIB3DWUR": {
      "file": "chunk-GIB3DWUR.js"
    },
    "chunk-ZH6LALFQ": {
      "file": "chunk-ZH6LALFQ.js"
    },
    "chunk-J3QLEMTY": {
      "file": "chunk-J3QLEMTY.js"
    },
    "chunk-WDMUDEB6": {
      "file": "chunk-WDMUDEB6.js"
    }
  }
}