{
  "todos": [
    {
      "id": 1,
      "title": "hi",
      "text": "hi"
    },
    {
      "id": 2,
      "title": "fello",
      "text": "hello"
    },
    {
      "id": 3,
      "title": "do",
      "text": "do"
    },
    {
      "id": 4,
      "title": "check after update",
      "text": "check after update"
    },
    {
      "id": 5,
      "title": "check",
      "text": "check"
    },
    {
      "id": 6,
      "title": "hi from the new data",
      "text": "check again"
    },
    {
      "id": 7,
      "title": "check data",
      "text": "check the daya"
    },
    {
      "id": 8,
      "title": "hi",
      "text": "hello"
    },
    {
      "id": 9,
      "title": "checkView",
      "text": "check view"
    },
    {
      "id": 10,
      "title": "this data",
      "text": "this data"
    },
    {
      "id": 11,
      "title": "ccc",
      "text": "cc"
    },
    {
      "id": 12,
      "title": "a",
      "text": "a"
    },
    {
      "id": 13,
      "title": "hello",
      "text": "hi"
    },
    {
      "id": 14,
      "title": "check for new data",
      "text": "done"
    }
  ],
  "users": [
    {
      "id":1,
      "username": "Ram",
      "password":"sita@123!"
    },
    {
      "id": 2,
      "username": "Raman",
      "password":"raman"
    }
  ]
}